{
    "accuracy": 0.6316,
    "batch_size": 16,
    "lr": 0.11117601059924549,
    "momentum": 0.31671483637991793,
    "transform": "cifar10_norm"
}