{
    "accuracy": 0.28230971097946167,
    "batch": 32,
    "lr": 0.0018831113884767204,
    "momentum": 0.8704446258997626,
    "transform": "echo"
}