{
    "accuracy": 0.0,
    "batch_size": 16,
    "lr": 0.9370103869536599,
    "momentum": 0.6749110714334265
}