{
    "accuracy": 0.5026,
    "batch": 4,
    "lr": 0.04497740496281458,
    "momentum": 0.021825465724100268,
    "transform": "cifar10_norm_32"
}