{
    "accuracy": 0.14640915393829346,
    "batch_size": 4,
    "lr": 0.0034343837170555383,
    "momentum": 0.9619700587327432
}