{
    "accuracy": 0.7031,
    "batch_size": 8,
    "lr": 0.0206814879303953,
    "momentum": 0.01789726732721745,
    "transform": "cifar10_norm"
}