{
    "accuracy": 0.837,
    "batch_size": 4,
    "lr": 0.07139001012734679,
    "momentum": 0.19415797143195182
}