{
    "accuracy": 0.4085,
    "batch": 5,
    "lr": 0.11079328675321072,
    "momentum": 0.07423664873392553,
    "transform": "cifar10_norm"
}