{
    "accuracy": 0.7438,
    "batch_size": 16,
    "lr": 0.11076236430210623,
    "momentum": 0.32352695982266627,
    "transform": "cifar10_norm"
}