{
    "accuracy": 0.15946727991104126,
    "batch_size": 64,
    "lr": 0.002311031168517221,
    "momentum": 0.9543090926467208
}