{
    "accuracy": 0.5048,
    "batch_size": 16,
    "lr": 0.022694080307188048,
    "momentum": 0.040616178978011536,
    "transform": "cifar10_complex"
}