{
    "accuracy": 0.3273073732852936,
    "batch_size": 32,
    "lr": 0.0035279185334737427,
    "momentum": 0.9424046307692737
}