{
    "accuracy": 0.09000279009342194,
    "batch_size": 64,
    "lr": 0.009269186504863044,
    "momentum": 0.9397802190673791
}