{
    "accuracy": 0.8441,
    "batch_size": 16,
    "lr": 0.45375804564514627,
    "momentum": 0.201861386164349
}