{
    "accuracy": 0.5289,
    "batch": 16,
    "lr": 0.17360139427888638,
    "momentum": 0.14276969527361594,
    "transform": "cifar10_norm"
}