{
    "accuracy": 0.5362,
    "batch_size": 16,
    "lr": 0.07313432497957444,
    "momentum": 0.046496049258440045,
    "transform": "cifar10_norm_32"
}