{
    "accuracy": 0.12362783402204514,
    "batch_size": 4,
    "lr": 0.0057464572502932245,
    "momentum": 0.849912382418125
}