{
    "accuracy": 0.10606054961681366,
    "batch_size": 4,
    "lr": 0.00492214849916563,
    "momentum": 0.8222549474566331
}