{
    "accuracy": 0.6498,
    "batch_size": 8,
    "lr": 0.16220933317259228,
    "momentum": 0.14803394865320385
}