{
    "accuracy": 0.21078477799892426,
    "batch_size": 8,
    "lr": 0.0012430373645677371,
    "momentum": 0.8417014754409903
}