{
    "accuracy": 0.7571,
    "batch_size": 16,
    "lr": 0.776935422191442,
    "momentum": 0.033919890373420865
}