{
    "accuracy": 0.0,
    "batch_size": 4,
    "lr": 0.8274091316027871,
    "momentum": 0.2905570244781247
}