{
    "accuracy": 0.2815,
    "batch": 32,
    "lr": 0.7894873379456815,
    "momentum": 0.4274625137191661,
    "transform": "cifar10_norm_32"
}