{
    "accuracy": 0.1,
    "batch_size": 64,
    "lr": 0.8304653262465649,
    "momentum": 0.11108645256536456
}