{
    "accuracy": 0.18223905563354492,
    "batch": 16,
    "lr": 0.0019659579059919927,
    "momentum": 0.8448670240739218,
    "transform": "echo"
}