{
    "accuracy": 0.6449,
    "batch": 16,
    "lr": 0.07380681708438998,
    "momentum": 0.02951382936914697,
    "transform": "cifar10_norm"
}