{
    "accuracy": 0.6815,
    "batch": 16,
    "lr": 0.09598889839679288,
    "momentum": 0.023975265790344702,
    "transform": "cifar10_norm"
}