{
    "accuracy": 0.4299,
    "batch": 4,
    "lr": 0.0248959487273625,
    "momentum": 0.046513186377998825,
    "transform": "cifar10_norm_32"
}