{
    "accuracy": 0.5044,
    "batch_size": 32,
    "lr": 0.09572575477111529,
    "momentum": 0.11492821269096296
}