{
    "accuracy": 0.17531345784664154,
    "batch_size": 2,
    "lr": 0.006842174250426947,
    "momentum": 0.8579429330415091,
    "transform": "echo"
}