{
    "accuracy": 0.5137,
    "batch_size": 16,
    "lr": 0.12951670115241226,
    "momentum": 0.17678373279596354
}