{
    "accuracy": 0.5814,
    "batch_size": 16,
    "lr": 0.3157700930626885,
    "momentum": 0.7214718960371996
}