{
    "accuracy": 0.5311,
    "batch": 5,
    "lr": 0.00847823522663159,
    "momentum": 0.26132467288155137,
    "transform": "cifar10_norm"
}