{
    "accuracy": 0.34,
    "batch_size": 64,
    "lr": 0.011684432550561754,
    "momentum": 0.16009892855018543
}