{
    "accuracy": 0.06364022195339203,
    "batch_size": 32,
    "lr": 0.007074338733567954,
    "momentum": 0.8687923510038205
}