{
    "accuracy": 0.06100858375430107,
    "batch_size": 32,
    "lr": 0.007740168027126117,
    "momentum": 0.8115970343695341
}