{
    "accuracy": 0.7494,
    "batch_size": 32,
    "lr": 0.015474295795036145,
    "momentum": 0.09151407002160276,
    "transform": "cifar10_norm"
}