{
    "accuracy": 0.0,
    "batch_size": 1,
    "lr": 0.7202875676397331,
    "momentum": 0.030207861342430697
}