{
    "accuracy": 0.6818,
    "batch_size": 16,
    "lr": 0.2598519636005763,
    "momentum": 0.22177849835878555
}