{
    "accuracy": 0.8268,
    "batch_size": 16,
    "lr": 0.13848060389399344,
    "momentum": 0.31776739478143734,
    "transform": "cifar10_norm"
}