{
    "accuracy": 0.08130858838558197,
    "batch_size": 8,
    "lr": 0.008492936679363594,
    "momentum": 0.9499659388053991
}