{
    "accuracy": 0.0,
    "batch_size": 256,
    "lr": 0.003295102045699524,
    "momentum": 0.8328302556511478,
    "transform": "echo"
}