{
    "accuracy": 0.03604163974523544,
    "batch_size": 4,
    "lr": 2.7526642143444603e-05,
    "momentum": 0.4594784147793656,
    "transform": "echo"
}