{
    "accuracy": 0.4548,
    "batch_size": 5,
    "lr": 0.008786696389106423,
    "momentum": 0.17296461266666335,
    "transform": "cifar10_norm"
}