{
    "accuracy": 0.4323,
    "batch": 16,
    "lr": 0.004764481925234286,
    "momentum": 0.01310937621789561,
    "transform": "cifar10_norm"
}