{
    "accuracy": 0.5782,
    "batch_size": 16,
    "lr": 0.10004434693533516,
    "momentum": 0.03042061760612594,
    "transform": "cifar10_norm_32"
}