{
    "accuracy": 0.7493,
    "batch_size": 16,
    "lr": 0.10684386535339259,
    "momentum": 0.4780288277217129
}