{
    "accuracy": 0.6392,
    "batch": 16,
    "lr": 0.03951520583288698,
    "momentum": 0.3618759641125723,
    "transform": "cifar10_norm"
}