{
    "accuracy": 0.3568440079689026,
    "batch_size": 8,
    "lr": 0.0005779098591900886,
    "momentum": 0.8292773677630861,
    "transform": "echo"
}