{
    "accuracy": 0.5096,
    "batch": 16,
    "lr": 0.010554566076770466,
    "momentum": 0.23451555795815784,
    "transform": "cifar10_norm"
}