{
    "accuracy": 0.7378,
    "batch": 16,
    "lr": 0.06258774825420944,
    "momentum": 0.15803323652104084,
    "transform": "cifar10_norm"
}