{
    "accuracy": 0.0,
    "batch_size": 64,
    "lr": 0.004824201373190692,
    "momentum": 0.8261299784299783
}