{
    "accuracy": 0.13457173109054565,
    "batch_size": 16,
    "lr": 0.00441729476920241,
    "momentum": 0.8616759503009982,
    "transform": "echo"
}