{
    "accuracy": 0.1595151275396347,
    "batch_size": 32,
    "lr": 0.0017996223940789455,
    "momentum": 0.9466778378179738
}