{
    "accuracy": 0.1896405965089798,
    "batch_size": 8,
    "lr": 0.005381278615333196,
    "momentum": 0.9511879898807979
}