{
    "accuracy": 0.1,
    "batch": 1,
    "lr": 0.5563510128959211,
    "momentum": 0.062068808579240846,
    "transform": "cifar10_norm"
}