{
    "accuracy": 0.8054,
    "batch_size": 32,
    "lr": 0.37179604336462935,
    "momentum": 0.05775294912486685
}