{
    "accuracy": 0.09217826277017593,
    "batch_size": 64,
    "lr": 0.001752981864666048,
    "momentum": 0.9326726206324429
}