{
    "accuracy": 0.20088045299053192,
    "batch_size": 64,
    "lr": 0.0017085519942629727,
    "momentum": 0.9771673130319646,
    "transform": "echo"
}