{
    "accuracy": 0.035817667841911316,
    "batch_size": 4,
    "lr": 0.9877366727303899,
    "momentum": 0.03959008047921167
}