{
    "accuracy": 0.67,
    "batch": 16,
    "lr": 0.3283512225217504,
    "momentum": 0.025871537074785816,
    "transform": "cifar10_norm"
}