{
    "accuracy": 0.15028412640094757,
    "batch_size": 1,
    "lr": 0.004025572403703877,
    "momentum": 0.8276563478589815
}