{
    "accuracy": 0.10217777639627457,
    "batch_size": 64,
    "lr": 0.008579054060109935,
    "momentum": 0.8349951717576556
}