{
    "accuracy": 0.11797783523797989,
    "batch_size": 16,
    "lr": 0.005264244887110919,
    "momentum": 0.8457623070304132
}