{
    "accuracy": 0.7185,
    "batch_size": 32,
    "lr": 0.10246121288800833,
    "momentum": 0.13726828905284622
}