{
    "accuracy": 0.0,
    "batch_size": 2048,
    "lr": 0.0045613319453873345,
    "momentum": 0.8463052416185743,
    "transform": "echo"
}