{
    "accuracy": 0.4983,
    "batch_size": 8,
    "lr": 0.04912817085898157,
    "momentum": 0.011844905011511945
}