{
    "accuracy": 0.13688454031944275,
    "batch_size": 16,
    "lr": 0.006711941740923124,
    "momentum": 0.8393500714079323,
    "transform": "echo"
}