{
    "accuracy": 0.10413534194231033,
    "batch_size": 8,
    "lr": 0.004110969376512982,
    "momentum": 0.8554934943709663
}