{
    "accuracy": 0.8242,
    "batch_size": 4,
    "lr": 0.044416086049827795,
    "momentum": 0.18094187230639958,
    "transform": "cifar10_norm"
}