{
    "accuracy": 0.664,
    "batch_size": 8,
    "lr": 0.010738782266227376,
    "momentum": 0.10361879783400203
}