{
    "accuracy": 0.0,
    "batch_size": 2,
    "lr": 0.006283801068708035,
    "momentum": 0.8176099552244613
}