{
    "accuracy": 0.30785220861434937,
    "batch_size": 16,
    "lr": 0.008092299089515358,
    "momentum": 0.8148669672818823,
    "transform": "echo"
}