{
    "accuracy": 0.16180773079395294,
    "batch_size": 4,
    "lr": 0.001227297737326448,
    "momentum": 0.9545502614090715,
    "transform": "echo"
}