{
    "accuracy": 0.08945773541927338,
    "batch_size": 4,
    "lr": 0.0016208203063009712,
    "momentum": 0.9100086716246417
}