{
    "accuracy": 0.0940062552690506,
    "batch_size": 8,
    "lr": 0.004059537264914067,
    "momentum": 0.8591341704079859
}