{
    "accuracy": 0.10097083449363708,
    "batch_size": 2,
    "lr": 0.002755686130083275,
    "momentum": 0.8391974655469827
}