{
    "accuracy": 0.5177,
    "batch_size": 16,
    "lr": 0.0437409214708151,
    "momentum": 0.28298918195781075
}