{
    "accuracy": 0.5218,
    "batch_size": 4,
    "lr": 0.0248959487273625,
    "momentum": 0.046513186377998825
}