{
    "accuracy": 0.09755059331655502,
    "batch_size": 16,
    "lr": 0.007040185992564534,
    "momentum": 0.9083253251590242
}