{
    "accuracy": 0.7579,
    "batch_size": 4,
    "lr": 0.006258641977579812,
    "momentum": 0.024981282967767075
}