{
    "accuracy": 0.1612457036972046,
    "batch_size": 4,
    "lr": 0.0037355590827593765,
    "momentum": 0.980303967436762
}