{
    "accuracy": 0.748,
    "batch_size": 16,
    "lr": 0.1360866010007046,
    "momentum": 0.4060686055441131
}