{
    "accuracy": 0.5829,
    "batch_size": 5,
    "lr": 0.02413746141972073,
    "momentum": 0.036571716454719815
}