{
    "accuracy": 0.15355521440505981,
    "batch_size": 16,
    "lr": 0.0011841068250034944,
    "momentum": 0.959785910371355
}