{
    "accuracy": 0.1000807136297226,
    "batch_size": 32,
    "lr": 0.008785610917976569,
    "momentum": 0.8431957899072616
}