{
    "accuracy": 0.3290543854236603,
    "batch_size": 8,
    "lr": 0.0002400308805369641,
    "momentum": 0.8863535830781136
}