{
    "accuracy": 0.5405,
    "batch": 5,
    "lr": 0.20827398525759025,
    "momentum": 0.5195407108007387,
    "transform": "cifar10_norm"
}