{
    "accuracy": 0.8519,
    "batch_size": 8,
    "lr": 0.24160299021590395,
    "momentum": 0.12479251141448369
}