{
    "accuracy": 0.10765160620212555,
    "batch_size": 4,
    "lr": 0.009993359705360695,
    "momentum": 0.9232118551685545,
    "transform": "echo"
}