{
    "accuracy": 0.339432030916214,
    "batch_size": 4,
    "lr": 0.006888363143469965,
    "momentum": 0.8512117298520187,
    "transform": "echo"
}