{
    "accuracy": 0.4586,
    "batch_size": 4,
    "lr": 0.018083186513380468,
    "momentum": 0.019395791272458517
}