{
    "accuracy": 0.67,
    "batch_size": 16,
    "lr": 0.3283512225217504,
    "momentum": 0.025871537074785816
}