{
    "accuracy": 0.07491414994001389,
    "batch_size": 32,
    "lr": 0.009515625885018062,
    "momentum": 0.8827243684835822
}